id,title,content
1,Fever Symptoms,"Fever is characterized by a high body temperature, often accompanied by chills and fatigue."
2,Doctor’s Advice for Fever,"The doctor prescribed paracetamol to reduce my fever and advised plenty of rest."
3,Managing Body Pains,"The doctor prescribed paracetamol for my body pains after a long day of work."
4,Paracetamol Usage,"Paracetamol is commonly used to relieve mild pain and reduce fever in adults and children."
5,Cold and Fever Season,"During winter, many people experience fever and colds due to changing weather."
6,Fever in Kids,"Children often develop a fever when fighting infections, requiring careful monitoring."
7,Symptoms of Cold,"Common cold symptoms include a runny nose, sore throat, and sometimes a mild fever."
8,Fever and Chills,"Fever often comes with chills, which are the body's way of trying to raise its temperature."
9,Paracetamol Dosage,"The recommended dosage of paracetamol varies by age and weight; always follow the label instructions."
10,Flu vs. Cold Symptoms,"Flu symptoms are usually more severe than cold symptoms and can include high fever and body aches."
11,Healthy Eating Habits,"A balanced diet with fruits, vegetables, and whole grains is essential for maintaining good health."
12,Exercise Benefits,"Regular exercise improves cardiovascular health, strengthens muscles, and boosts mental well-being."
13,Hydration Importance,"Drinking enough water daily is crucial for maintaining bodily functions and preventing dehydration."
14,Sleep and Health,"Adequate sleep is vital for physical recovery, mental clarity, and overall well-being."
15,Stress Management,"Practicing mindfulness and relaxation techniques can help reduce stress and improve mental health."
16,Common Allergies,"Allergies to pollen, dust, and certain foods can cause symptoms like sneezing, itching, and swelling."
17,Vitamin D Sources,"Sunlight, fortified foods, and supplements are common sources of vitamin D, essential for bone health."
18,Heart Health Tips,"Maintaining a healthy weight, exercising, and avoiding smoking are key to a healthy heart."
19,Mental Health Awareness,"Seeking support and talking openly about mental health can help reduce stigma and promote recovery."
20,Importance of Vaccination,"Vaccines protect against serious diseases and are a critical part of public health efforts."
21,Doctor's Prescription for Flu,"The doctor prescribed antiviral medication and recommended rest and hydration for flu recovery."
22,Prescription for Pain Relief,"For severe pain, the doctor prescribed ibuprofen and advised against overuse to avoid side effects."
23,Antibiotics Prescription,"The doctor prescribed antibiotics to treat the bacterial infection and emphasized completing the full course."
24,Prescription for Allergies,"The doctor recommended antihistamines to manage allergy symptoms and avoid triggers."
25,Prescription for Cough,"The doctor prescribed a cough suppressant and advised drinking warm fluids to soothe the throat."
26,Health Monitoring in IT,"IT professionals often use wearable devices to monitor health metrics like heart rate and sleep patterns."
27,Ergonomics in IT Workspaces,"Proper ergonomics, such as adjustable chairs and desks, can prevent back pain and repetitive strain injuries in IT jobs."
28,Stress in IT Professionals,"High workloads in the IT industry can lead to stress, requiring mindfulness and relaxation techniques for mental health."
29,Blue Light and Eye Strain,"Prolonged screen time in IT jobs can cause eye strain; blue light filters and regular breaks are recommended."
30,Telemedicine in IT Companies,"Many IT companies offer telemedicine services to employees for quick access to healthcare consultations."
31,Mental Health Apps for IT Workers,"Mental health apps are increasingly used by IT professionals to manage stress and improve well-being."
32,Health Benefits of Remote Work,"Remote work in the IT sector allows for better work-life balance, reducing stress and improving overall health."
33,AI in Medical Diagnostics,"IT advancements in AI are revolutionizing medical diagnostics, enabling faster and more accurate disease detection."
34,Cybersecurity in Healthcare IT,"Healthcare IT systems require robust cybersecurity measures to protect sensitive patient data."
35,Data Analytics in Healthcare,"IT professionals use data analytics to identify health trends and improve patient care outcomes."
